week,site,topic_type,target_keyword,suggested_url,brief
1,"K1 Urdu Help","guide","k1 game download kaise kare android setup","/guides/k1-game-download-kaise-kare-android-setup/","Write a unique urdu article with original screenshots, local examples, FAQ, and internal links. Do not reuse the same article structure across domains."
2,"K1 Urdu Help","guide","k1 game login kaise kare new user guide","/guides/k1-game-login-kaise-kare-new-user-guide/","Write a unique urdu article with original screenshots, local examples, FAQ, and internal links. Do not reuse the same article structure across domains."
3,"K1 Urdu Help","comparison","k1 game se paisa kaise nikale Pakistan mobile users","/guides/k1-game-se-paisa-kaise-nikale-pakistan-mobile-users/","Write a unique urdu article with original screenshots, local examples, FAQ, and internal links. Do not reuse the same article structure across domains."
4,"K1 Urdu Help","faq","k1 game otp masla common mistake","/guides/k1-game-otp-masla-common-mistake/","Write a unique urdu article with original screenshots, local examples, FAQ, and internal links. Do not reuse the same article structure across domains."
5,"K1 Urdu Help","refresh","k1 game real hai ya nahi safe checklist","/guides/k1-game-real-hai-ya-nahi-safe-checklist/","Write a unique urdu article with original screenshots, local examples, FAQ, and internal links. Do not reuse the same article structure across domains."
6,"K1 Urdu Help","comparison","k1 game jazzcash urdu step by step","/guides/k1-game-jazzcash-urdu-step-by-step/","Write a unique urdu article with original screenshots, local examples, FAQ, and internal links. Do not reuse the same article structure across domains."
7,"K1 Urdu Help","guide","k1 game easypaisa urdu FAQ update","/guides/k1-game-easypaisa-urdu-faq-update/","Write a unique urdu article with original screenshots, local examples, FAQ, and internal links. Do not reuse the same article structure across domains."
8,"K1 Urdu Help","faq","k1 game app open nahi ho rahi weekly review","/guides/k1-game-app-open-nahi-ho-rahi-weekly-review/","Write a unique urdu article with original screenshots, local examples, FAQ, and internal links. Do not reuse the same article structure across domains."
9,"K1 Urdu Help","comparison","k1 game account banana comparison notes","/guides/k1-game-account-banana-comparison-notes/","Write a unique urdu article with original screenshots, local examples, FAQ, and internal links. Do not reuse the same article structure across domains."
10,"K1 Urdu Help","refresh","k1 game download safe hai support evidence","/guides/k1-game-download-safe-hai-support-evidence/","Write a unique urdu article with original screenshots, local examples, FAQ, and internal links. Do not reuse the same article structure across domains."
11,"K1 Urdu Help","guide","k1 game masail faq device compatibility","/guides/k1-game-masail-faq-device-compatibility/","Write a unique urdu article with original screenshots, local examples, FAQ, and internal links. Do not reuse the same article structure across domains."
12,"K1 Urdu Help","faq","k1 game urdu notes error fix","/guides/k1-game-urdu-notes-error-fix/","Write a unique urdu article with original screenshots, local examples, FAQ, and internal links. Do not reuse the same article structure across domains."
13,"K1 Urdu Help","guide","k1 game download kaise kare June update","/guides/k1-game-download-kaise-kare-june-update/","Write a unique urdu article with original screenshots, local examples, FAQ, and internal links. Do not reuse the same article structure across domains."
14,"K1 Urdu Help","guide","k1 game login kaise kare July update","/guides/k1-game-login-kaise-kare-july-update/","Write a unique urdu article with original screenshots, local examples, FAQ, and internal links. Do not reuse the same article structure across domains."
15,"K1 Urdu Help","refresh","k1 game se paisa kaise nikale 2026 refresh","/guides/k1-game-se-paisa-kaise-nikale-2026-refresh/","Write a unique urdu article with original screenshots, local examples, FAQ, and internal links. Do not reuse the same article structure across domains."
16,"K1 Urdu Help","faq","k1 game otp masla android setup","/guides/k1-game-otp-masla-android-setup/","Write a unique urdu article with original screenshots, local examples, FAQ, and internal links. Do not reuse the same article structure across domains."
17,"K1 Urdu Help","guide","k1 game real hai ya nahi new user guide","/guides/k1-game-real-hai-ya-nahi-new-user-guide/","Write a unique urdu article with original screenshots, local examples, FAQ, and internal links. Do not reuse the same article structure across domains."
18,"K1 Urdu Help","comparison","k1 game jazzcash urdu Pakistan mobile users","/guides/k1-game-jazzcash-urdu-pakistan-mobile-users/","Write a unique urdu article with original screenshots, local examples, FAQ, and internal links. Do not reuse the same article structure across domains."
19,"K1 Urdu Help","guide","k1 game easypaisa urdu common mistake","/guides/k1-game-easypaisa-urdu-common-mistake/","Write a unique urdu article with original screenshots, local examples, FAQ, and internal links. Do not reuse the same article structure across domains."
20,"K1 Urdu Help","refresh","k1 game app open nahi ho rahi safe checklist","/guides/k1-game-app-open-nahi-ho-rahi-safe-checklist/","Write a unique urdu article with original screenshots, local examples, FAQ, and internal links. Do not reuse the same article structure across domains."
21,"K1 Urdu Help","comparison","k1 game account banana step by step","/guides/k1-game-account-banana-step-by-step/","Write a unique urdu article with original screenshots, local examples, FAQ, and internal links. Do not reuse the same article structure across domains."
22,"K1 Urdu Help","guide","k1 game download safe hai FAQ update","/guides/k1-game-download-safe-hai-faq-update/","Write a unique urdu article with original screenshots, local examples, FAQ, and internal links. Do not reuse the same article structure across domains."
23,"K1 Urdu Help","guide","k1 game masail faq weekly review","/guides/k1-game-masail-faq-weekly-review/","Write a unique urdu article with original screenshots, local examples, FAQ, and internal links. Do not reuse the same article structure across domains."
24,"K1 Urdu Help","faq","k1 game urdu notes comparison notes","/guides/k1-game-urdu-notes-comparison-notes/","Write a unique urdu article with original screenshots, local examples, FAQ, and internal links. Do not reuse the same article structure across domains."
25,"K1 Urdu Help","refresh","k1 game download kaise kare support evidence","/guides/k1-game-download-kaise-kare-support-evidence/","Write a unique urdu article with original screenshots, local examples, FAQ, and internal links. Do not reuse the same article structure across domains."
26,"K1 Urdu Help","guide","k1 game login kaise kare device compatibility","/guides/k1-game-login-kaise-kare-device-compatibility/","Write a unique urdu article with original screenshots, local examples, FAQ, and internal links. Do not reuse the same article structure across domains."
27,"K1 Urdu Help","comparison","k1 game se paisa kaise nikale error fix","/guides/k1-game-se-paisa-kaise-nikale-error-fix/","Write a unique urdu article with original screenshots, local examples, FAQ, and internal links. Do not reuse the same article structure across domains."
28,"K1 Urdu Help","faq","k1 game otp masla June update","/guides/k1-game-otp-masla-june-update/","Write a unique urdu article with original screenshots, local examples, FAQ, and internal links. Do not reuse the same article structure across domains."
29,"K1 Urdu Help","guide","k1 game real hai ya nahi July update","/guides/k1-game-real-hai-ya-nahi-july-update/","Write a unique urdu article with original screenshots, local examples, FAQ, and internal links. Do not reuse the same article structure across domains."
30,"K1 Urdu Help","refresh","k1 game jazzcash urdu 2026 refresh","/guides/k1-game-jazzcash-urdu-2026-refresh/","Write a unique urdu article with original screenshots, local examples, FAQ, and internal links. Do not reuse the same article structure across domains."
31,"K1 Urdu Help","guide","k1 game easypaisa urdu android setup","/guides/k1-game-easypaisa-urdu-android-setup/","Write a unique urdu article with original screenshots, local examples, FAQ, and internal links. Do not reuse the same article structure across domains."
32,"K1 Urdu Help","faq","k1 game app open nahi ho rahi new user guide","/guides/k1-game-app-open-nahi-ho-rahi-new-user-guide/","Write a unique urdu article with original screenshots, local examples, FAQ, and internal links. Do not reuse the same article structure across domains."
33,"K1 Urdu Help","comparison","k1 game account banana Pakistan mobile users","/guides/k1-game-account-banana-pakistan-mobile-users/","Write a unique urdu article with original screenshots, local examples, FAQ, and internal links. Do not reuse the same article structure across domains."
34,"K1 Urdu Help","guide","k1 game download safe hai common mistake","/guides/k1-game-download-safe-hai-common-mistake/","Write a unique urdu article with original screenshots, local examples, FAQ, and internal links. Do not reuse the same article structure across domains."
35,"K1 Urdu Help","refresh","k1 game masail faq safe checklist","/guides/k1-game-masail-faq-safe-checklist/","Write a unique urdu article with original screenshots, local examples, FAQ, and internal links. Do not reuse the same article structure across domains."
36,"K1 Urdu Help","faq","k1 game urdu notes step by step","/guides/k1-game-urdu-notes-step-by-step/","Write a unique urdu article with original screenshots, local examples, FAQ, and internal links. Do not reuse the same article structure across domains."
37,"K1 Urdu Help","guide","k1 game download kaise kare FAQ update","/guides/k1-game-download-kaise-kare-faq-update/","Write a unique urdu article with original screenshots, local examples, FAQ, and internal links. Do not reuse the same article structure across domains."
38,"K1 Urdu Help","guide","k1 game login kaise kare weekly review","/guides/k1-game-login-kaise-kare-weekly-review/","Write a unique urdu article with original screenshots, local examples, FAQ, and internal links. Do not reuse the same article structure across domains."
39,"K1 Urdu Help","comparison","k1 game se paisa kaise nikale comparison notes","/guides/k1-game-se-paisa-kaise-nikale-comparison-notes/","Write a unique urdu article with original screenshots, local examples, FAQ, and internal links. Do not reuse the same article structure across domains."
40,"K1 Urdu Help","refresh","k1 game otp masla support evidence","/guides/k1-game-otp-masla-support-evidence/","Write a unique urdu article with original screenshots, local examples, FAQ, and internal links. Do not reuse the same article structure across domains."
41,"K1 Urdu Help","guide","k1 game real hai ya nahi device compatibility","/guides/k1-game-real-hai-ya-nahi-device-compatibility/","Write a unique urdu article with original screenshots, local examples, FAQ, and internal links. Do not reuse the same article structure across domains."
42,"K1 Urdu Help","comparison","k1 game jazzcash urdu error fix","/guides/k1-game-jazzcash-urdu-error-fix/","Write a unique urdu article with original screenshots, local examples, FAQ, and internal links. Do not reuse the same article structure across domains."
43,"K1 Urdu Help","guide","k1 game easypaisa urdu June update","/guides/k1-game-easypaisa-urdu-june-update/","Write a unique urdu article with original screenshots, local examples, FAQ, and internal links. Do not reuse the same article structure across domains."
44,"K1 Urdu Help","faq","k1 game app open nahi ho rahi July update","/guides/k1-game-app-open-nahi-ho-rahi-july-update/","Write a unique urdu article with original screenshots, local examples, FAQ, and internal links. Do not reuse the same article structure across domains."
45,"K1 Urdu Help","refresh","k1 game account banana 2026 refresh","/guides/k1-game-account-banana-2026-refresh/","Write a unique urdu article with original screenshots, local examples, FAQ, and internal links. Do not reuse the same article structure across domains."
46,"K1 Urdu Help","guide","k1 game download safe hai android setup","/guides/k1-game-download-safe-hai-android-setup/","Write a unique urdu article with original screenshots, local examples, FAQ, and internal links. Do not reuse the same article structure across domains."
47,"K1 Urdu Help","guide","k1 game masail faq new user guide","/guides/k1-game-masail-faq-new-user-guide/","Write a unique urdu article with original screenshots, local examples, FAQ, and internal links. Do not reuse the same article structure across domains."
48,"K1 Urdu Help","faq","k1 game urdu notes Pakistan mobile users","/guides/k1-game-urdu-notes-pakistan-mobile-users/","Write a unique urdu article with original screenshots, local examples, FAQ, and internal links. Do not reuse the same article structure across domains."
49,"K1 Urdu Help","guide","k1 game download kaise kare common mistake","/guides/k1-game-download-kaise-kare-common-mistake/","Write a unique urdu article with original screenshots, local examples, FAQ, and internal links. Do not reuse the same article structure across domains."
50,"K1 Urdu Help","refresh","k1 game login kaise kare safe checklist","/guides/k1-game-login-kaise-kare-safe-checklist/","Write a unique urdu article with original screenshots, local examples, FAQ, and internal links. Do not reuse the same article structure across domains."
51,"K1 Urdu Help","comparison","k1 game se paisa kaise nikale step by step","/guides/k1-game-se-paisa-kaise-nikale-step-by-step/","Write a unique urdu article with original screenshots, local examples, FAQ, and internal links. Do not reuse the same article structure across domains."
52,"K1 Urdu Help","faq","k1 game otp masla FAQ update","/guides/k1-game-otp-masla-faq-update/","Write a unique urdu article with original screenshots, local examples, FAQ, and internal links. Do not reuse the same article structure across domains."
