week,site,content_type,target_keyword,url,action
1,"K1 Urdu Help","urdu","k1 game download kaise kare","/guides/download-kaise-kare-android/","Publish or improve: K1 Game Download Kaise Kare Android Par"
1,"K1 Urdu Help","urdu","k1 game login kaise kare","/guides/login-kaise-kare/","Publish or improve: K1 Game Login Kaise Kare"
1,"K1 Urdu Help","urdu","k1 game se paisa kaise nikale","/guides/paisa-kaise-nikale/","Publish or improve: K1 Game Se Paisa Kaise Nikale"
2,"K1 Urdu Help","urdu","k1 game otp masla","/guides/otp-masla/","Publish or improve: K1 Game OTP Masla: Roman Urdu Guide"
2,"K1 Urdu Help","urdu","k1 game real hai ya nahi","/guides/real-hai-ya-nahi/","Publish or improve: K1 Game Real Hai Ya Nahi?"
2,"K1 Urdu Help","payment","k1 game jazzcash urdu","/guides/jazzcash-guide-urdu/","Publish or improve: K1 Game JazzCash Guide Roman Urdu"
3,"K1 Urdu Help","payment","k1 game easypaisa urdu","/guides/easypaisa-guide-urdu/","Publish or improve: K1 Game Easypaisa Guide Roman Urdu"
3,"K1 Urdu Help","support","k1 game app open nahi ho rahi","/guides/app-open-nahi-ho-rahi/","Publish or improve: K1 Game App Open Nahi Ho Rahi"
3,"K1 Urdu Help","tutorial","k1 game account banana","/guides/account-banana/","Publish or improve: K1 Game Account Banana: Simple Guide"
4,"K1 Urdu Help","safety","k1 game download safe hai","/guides/download-safe-hai/","Publish or improve: K1 Game Download Safe Hai?"
4,"K1 Urdu Help","faq","k1 game masail faq","/guides/masail-faq-roman-urdu/","Publish or improve: K1 Game Masail FAQ Roman Urdu"
4,"K1 Urdu Help","freshness","k1 game urdu notes","/guides/weekly-urdu-notes/","Publish or improve: Weekly K1 Game Urdu Help Notes"
5,"K1 Urdu Help","refresh","k1 game kaise download kare","/","Review GSC impressions, rewrite title, add FAQ, update internal links"
6,"K1 Urdu Help","refresh","k1 game kaise download kare","/","Review GSC impressions, rewrite title, add FAQ, update internal links"
7,"K1 Urdu Help","refresh","k1 game kaise download kare","/","Review GSC impressions, rewrite title, add FAQ, update internal links"
8,"K1 Urdu Help","refresh","k1 game kaise download kare","/","Review GSC impressions, rewrite title, add FAQ, update internal links"
9,"K1 Urdu Help","register","k1 game register kaise kare","/guides/register-kaise-kare/","Publish or improve: K1 Game Register Kaise Kare"
"2026-06-13","published","k1 game otp code nahi aa raha","/guides/otp-code-nahi-aa-raha/","second content expansion","new long-tail page with FAQ, internal links, GA and sitemap entry"
"2026-06-13","published","k1 game app download nahi ho rahi","/guides/app-download-nahi-ho-rahi/","third content expansion","new long-tail page with K1 public evidence, FAQ, schema and internal links"
"2026-06-16","published","k1 game h5 online kaise use kare","/guides/h5-online-kaise-use-kare/","daily content sprint","new intent-specific page with FAQ, internal links, sitemap and feed entry"
2026-06-16,k1gamehubpk.com,K1 Urdu Help,"k1 game withdraw nahi ho raha",/guides/withdraw-nahi-ho-raha/,fourth ranking cluster
2026-06-16,k1gamehubpk.com,K1 Urdu Help,"k1 game account verify kaise kare",/guides/account-verify-kaise-kare/,fifth problem keyword cluster
2026-06-16,k1gamehubpk.com,K1 Urdu Help,"k1 game app install nahi ho rahi",/guides/app-install-nahi-ho-rahi/,sixth scale cluster
2026-06-16,k1gamehubpk.com,K1 Urdu Help,"k1 game otp expire ho gaya",/guides/otp-expire-ho-gaya/,sixth scale cluster
2026-06-16,k1gamehubpk.com,K1 Urdu Help,"k1 game bonus code kaise lagayen",/guides/bonus-code-kaise-lagayen/,sixth scale cluster
2026-06-17,k1gamehubpk.com,K1 Urdu Help,"k1 game password bhool gaya",/guides/password-bhool-gaya/,next content sprint
7,"K1 Urdu Help","roman-urdu","k1 game otp nahi aa raha","/guides/otp-nahi-aa-raha/","Publish or improve: K1 Game OTP Nahi Aa Raha: Roman Urdu Help"
7,"K1 Urdu Help","roman-urdu","k1 game withdrawal kaise check karein","/guides/withdrawal-kaise-check-karein/","Publish or improve: K1 Game Withdrawal Kaise Check Karein: Roman Urdu Guide"
8,"K1 Urdu Help","roman urdu hub","k1 game roman urdu help","/guides/roman-urdu-help-center/","Publish or improve: K1 Game Roman Urdu Help Center"
2026-06-18,k1gamehubpk.com,K1 Urdu Help,"k1 game login code ghalat aa raha hai",/guides/login-code-ghalat-aa-raha-hai/,next content sprint
"2026-06-18","published","k1 game sim badalne ke baad login","/guides/sim-badalne-ke-baad-login/","daily content sprint","new long-tail page with FAQ, internal links, sitemap and feed update"
"2026-06-19","published","k1 game purane number par otp aa raha hai","/guides/purane-number-par-otp/","daily content sprint","new long-tail page with FAQ, internal links, sitemap and feed update"

"2026-06-20","planned","k1 game sim change otp problem roman urdu","/guides/sim-change-otp-problem/","next content sprint","Publish or improve: K1 Game SIM Change OTP Problem"
"2026-06-21","planned","k1 game naya phone login code ghalat","/guides/naya-phone-login-code-ghalat/","next content sprint","Publish or improve: K1 Game Naya Phone Login Code Ghalat"
"2026-06-28","published","k1 game download kaise kare android setup","/guides/k1-game-download-kaise-kare-android-setup/","daily backlog sprint","new backlog page with FAQ, schema, guide hub, sitemap and feed update"
"2026-07-01","published","k1 game se paisa kaise nikale","/guides/paisa-kaise-nikale/","daily content strengthening","existing page refresh with FAQ, schema, internal links, sitemap, feed and GSC queue"
"2026-07-03","planned","k1 game login kaise kare","/guides/login-kaise-kare/","daily content maintenance","Strengthen existing page for Roman Urdu how-to; no duplicate URL or ranking claim"
